{
  "seed": 7,
  "batch": 2,
  "tokens": 8,
  "dim": 16,
  "threshold": 0.15,
  "sparsity": 0.859375,
  "max_weight": 1.0,
  "mean_weight": 0.125,
  "mean_entropy": 0.12241468578724388,
  "out_mean": -0.07899698083669289,
  "out_std": 4.172001354915702
}