{
  "completed_trials": 96,
  "total_trials": 96,
  "remaining_trials": 0,
  "best_trial": {
    "activation_bits": 4,
    "bottleneck_width": 2,
    "input_amplitude": 16.0,
    "pre_gain": 2.0,
    "post_scale": 8.0,
    "calibration_scale": 1.0,
    "toolchain_ok": true,
    "error": "",
    "rel_mse_float_vs_akida": 0.9845369458198547,
    "rel_mse_quant_vs_akida": 0.7496225237846375,
    "aligned_rel_mse_float_vs_akida": 0.004973952658474445,
    "best_fit_scale_float_from_akida": 128.1954803466797,
    "signed_impulse_fidelity_float_vs_akida": 0.007588446140289307,
    "signed_impulse_fidelity_quant_vs_akida": 0.12048915773630142,
    "akida_nonzero_fraction": 0.234375,
    "akida_abs_sum": 29.63407325744629,
    "akida_max_abs": 3.506321430206299,
    "float_abs_sum": 3840.0,
    "quant_abs_sum": 216.71328735351562,
    "compression_ratio_abs_sum": 0.007717206608504057,
    "all_zero_akida": false
  }
}