{
  "seed": 7,
  "batch": 2,
  "tokens": 8,
  "dim": 16,
  "quality_target_rel_mse": 0.01,
  "target_gain_proxy": 5.0,
  "num_candidates": 21,
  "best_quality_constrained": {
    "mode": "fixed_threshold",
    "threshold": 0.2,
    "kept_fraction": 0.1328125,
    "sparsity": 0.8671875,
    "gain_proxy": 7.529411764705882,
    "mse": 0.046329977996759066,
    "rel_mse": 0.0026608324620881955,
    "rel_l2": 0.051583257575382624,
    "max_abs_err": 1.9049373060068078,
    "fallback_rows": 0,
    "min_kept_per_row": 1,
    "max_kept_per_row": 2,
    "mean_kept_per_row": 1.0625,
    "meets_quality_target": true,
    "meets_gain_target": true,
    "meets_both_targets": true
  },
  "best_gain_overall": {
    "mode": "fixed_threshold",
    "threshold": 0.5,
    "kept_fraction": 0.125,
    "sparsity": 0.875,
    "gain_proxy": 8.0,
    "mse": 0.35575834214264274,
    "rel_mse": 0.020431983488056943,
    "rel_l2": 0.14294048932355558,
    "max_abs_err": 5.382072557756757,
    "fallback_rows": 0,
    "min_kept_per_row": 1,
    "max_kept_per_row": 1,
    "mean_kept_per_row": 1.0,
    "meets_quality_target": false,
    "meets_gain_target": true,
    "meets_both_targets": false
  },
  "candidates": [
    {
      "mode": "fixed_threshold",
      "threshold": 0.1,
      "kept_fraction": 0.140625,
      "sparsity": 0.859375,
      "gain_proxy": 7.111111111111111,
      "mse": 0.00940565121573413,
      "rel_mse": 0.0005401872214067399,
      "rel_l2": 0.023241928091420356,
      "max_abs_err": 0.6245225426475614,
      "fallback_rows": 0,
      "min_kept_per_row": 1,
      "max_kept_per_row": 2,
      "mean_kept_per_row": 1.125,
      "meets_quality_target": true,
      "meets_gain_target": true,
      "meets_both_targets": true
    },
    {
      "mode": "fixed_threshold",
      "threshold": 0.15,
      "kept_fraction": 0.140625,
      "sparsity": 0.859375,
      "gain_proxy": 7.111111111111111,
      "mse": 0.00940565121573413,
      "rel_mse": 0.0005401872214067399,
      "rel_l2": 0.023241928091420356,
      "max_abs_err": 0.6245225426475614,
      "fallback_rows": 0,
      "min_kept_per_row": 1,
      "max_kept_per_row": 2,
      "mean_kept_per_row": 1.125,
      "meets_quality_target": true,
      "meets_gain_target": true,
      "meets_both_targets": true
    },
    {
      "mode": "fixed_threshold",
      "threshold": 0.2,
      "kept_fraction": 0.1328125,
      "sparsity": 0.8671875,
      "gain_proxy": 7.529411764705882,
      "mse": 0.046329977996759066,
      "rel_mse": 0.0026608324620881955,
      "rel_l2": 0.051583257575382624,
      "max_abs_err": 1.9049373060068078,
      "fallback_rows": 0,
      "min_kept_per_row": 1,
      "max_kept_per_row": 2,
      "mean_kept_per_row": 1.0625,
      "meets_quality_target": true,
      "meets_gain_target": true,
      "meets_both_targets": true
    },
    {
      "mode": "fixed_threshold",
      "threshold": 0.25,
      "kept_fraction": 0.1328125,
      "sparsity": 0.8671875,
      "gain_proxy": 7.529411764705882,
      "mse": 0.046329977996759066,
      "rel_mse": 0.0026608324620881955,
      "rel_l2": 0.051583257575382624,
      "max_abs_err": 1.9049373060068078,
      "fallback_rows": 0,
      "min_kept_per_row": 1,
      "max_kept_per_row": 2,
      "mean_kept_per_row": 1.0625,
      "meets_quality_target": true,
      "meets_gain_target": true,
      "meets_both_targets": true
    },
    {
      "mode": "fixed_threshold",
      "threshold": 0.3,
      "kept_fraction": 0.1328125,
      "sparsity": 0.8671875,
      "gain_proxy": 7.529411764705882,
      "mse": 0.046329977996759066,
      "rel_mse": 0.0026608324620881955,
      "rel_l2": 0.051583257575382624,
      "max_abs_err": 1.9049373060068078,
      "fallback_rows": 0,
      "min_kept_per_row": 1,
      "max_kept_per_row": 2,
      "mean_kept_per_row": 1.0625,
      "meets_quality_target": true,
      "meets_gain_target": true,
      "meets_both_targets": true
    },
    {
      "mode": "fixed_threshold",
      "threshold": 0.35,
      "kept_fraction": 0.1328125,
      "sparsity": 0.8671875,
      "gain_proxy": 7.529411764705882,
      "mse": 0.046329977996759066,
      "rel_mse": 0.0026608324620881955,
      "rel_l2": 0.051583257575382624,
      "max_abs_err": 1.9049373060068078,
      "fallback_rows": 0,
      "min_kept_per_row": 1,
      "max_kept_per_row": 2,
      "mean_kept_per_row": 1.0625,
      "meets_quality_target": true,
      "meets_gain_target": true,
      "meets_both_targets": true
    },
    {
      "mode": "fixed_threshold",
      "threshold": 0.4,
      "kept_fraction": 0.1328125,
      "sparsity": 0.8671875,
      "gain_proxy": 7.529411764705882,
      "mse": 0.046329977996759066,
      "rel_mse": 0.0026608324620881955,
      "rel_l2": 0.051583257575382624,
      "max_abs_err": 1.9049373060068078,
      "fallback_rows": 0,
      "min_kept_per_row": 1,
      "max_kept_per_row": 2,
      "mean_kept_per_row": 1.0625,
      "meets_quality_target": true,
      "meets_gain_target": true,
      "meets_both_targets": true
    },
    {
      "mode": "fixed_threshold",
      "threshold": 0.45,
      "kept_fraction": 0.1328125,
      "sparsity": 0.8671875,
      "gain_proxy": 7.529411764705882,
      "mse": 0.046329977996759066,
      "rel_mse": 0.0026608324620881955,
      "rel_l2": 0.051583257575382624,
      "max_abs_err": 1.9049373060068078,
      "fallback_rows": 0,
      "min_kept_per_row": 1,
      "max_kept_per_row": 2,
      "mean_kept_per_row": 1.0625,
      "meets_quality_target": true,
      "meets_gain_target": true,
      "meets_both_targets": true
    },
    {
      "mode": "fixed_threshold",
      "threshold": 0.5,
      "kept_fraction": 0.125,
      "sparsity": 0.875,
      "gain_proxy": 8.0,
      "mse": 0.35575834214264274,
      "rel_mse": 0.020431983488056943,
      "rel_l2": 0.14294048932355558,
      "max_abs_err": 5.382072557756757,
      "fallback_rows": 0,
      "min_kept_per_row": 1,
      "max_kept_per_row": 1,
      "mean_kept_per_row": 1.0,
      "meets_quality_target": false,
      "meets_gain_target": true,
      "meets_both_targets": false
    },
    {
      "mode": "row_max_ratio",
      "row_max_ratio": 0.2,
      "kept_fraction": 0.1328125,
      "sparsity": 0.8671875,
      "gain_proxy": 7.529411764705882,
      "mse": 0.046329977996759066,
      "rel_mse": 0.0026608324620881955,
      "rel_l2": 0.051583257575382624,
      "max_abs_err": 1.9049373060068078,
      "fallback_rows": 0,
      "min_kept_per_row": 1,
      "max_kept_per_row": 2,
      "mean_kept_per_row": 1.0625,
      "meets_quality_target": true,
      "meets_gain_target": true,
      "meets_both_targets": true
    },
    {
      "mode": "row_max_ratio",
      "row_max_ratio": 0.3,
      "kept_fraction": 0.1328125,
      "sparsity": 0.8671875,
      "gain_proxy": 7.529411764705882,
      "mse": 0.046329977996759066,
      "rel_mse": 0.0026608324620881955,
      "rel_l2": 0.051583257575382624,
      "max_abs_err": 1.9049373060068078,
      "fallback_rows": 0,
      "min_kept_per_row": 1,
      "max_kept_per_row": 2,
      "mean_kept_per_row": 1.0625,
      "meets_quality_target": true,
      "meets_gain_target": true,
      "meets_both_targets": true
    },
    {
      "mode": "row_max_ratio",
      "row_max_ratio": 0.4,
      "kept_fraction": 0.1328125,
      "sparsity": 0.8671875,
      "gain_proxy": 7.529411764705882,
      "mse": 0.046329977996759066,
      "rel_mse": 0.0026608324620881955,
      "rel_l2": 0.051583257575382624,
      "max_abs_err": 1.9049373060068078,
      "fallback_rows": 0,
      "min_kept_per_row": 1,
      "max_kept_per_row": 2,
      "mean_kept_per_row": 1.0625,
      "meets_quality_target": true,
      "meets_gain_target": true,
      "meets_both_targets": true
    },
    {
      "mode": "row_max_ratio",
      "row_max_ratio": 0.5,
      "kept_fraction": 0.1328125,
      "sparsity": 0.8671875,
      "gain_proxy": 7.529411764705882,
      "mse": 0.046329977996759066,
      "rel_mse": 0.0026608324620881955,