{
  "seed": 23,
  "model_name": "history_buffer_dense_relu6_surrogate",
  "quantized_layers": [
    "QuantizedDense",
    "QuantizedReLU",
    "QuantizedDense",
    "QuantizedReLU",
    "QuantizedDense"
  ],
  "layer_audit": [
    {
      "layer_name": "proj_in",
      "layer_type": "QuantizedDense",
      "weights": [
        {
          "dtype": "float32",
          "size": 6144,
          "is_integer_like": false,
          "min": -0.1935863345861435,
          "max": 0.19362732768058777,
          "mean": 0.0003333059139549732,
          "std": 0.11297222971916199,
          "neg_rail_fraction": 0.0,
          "pos_rail_fraction": 0.0,
          "edge_mass_fraction_abs_ge_120": 0.0,
          "top_values": {
            "hist_edges": [
              -0.1935863345861435,
              -0.16938547790050507,
              -0.14518463611602783,
              -0.1209837794303894,
              -0.09678292274475098,
              -0.07258206605911255,
              -0.048381224274635315,
              -0.024180367588996887,
              2.0489096641540527e-05,
              0.024221345782279968,
              0.048422202467918396,
              0.07262305915355682,
              0.09682388603687286,
              0.12102474272251129,
              0.14522559940814972,
              0.16942645609378815,
              0.19362732768058777
            ],
            "hist_counts": [
              386,
              408,
              401,
              370,
              377,
              377,
              353,
              375,
              398,
              385,
              367,
              387,
              345,
              400,
              437,
              378
            ]
          },
          "index": 0,
          "shape": [
            96,
            64
          ]
        }
      ]
    },
    {
      "layer_name": "mix_dense",
      "layer_type": "QuantizedDense",
      "weights": [
        {
          "dtype": "float32",
          "size": 2048,
          "is_integer_like": false,
          "min": -0.24985992908477783,
          "max": 0.24999094009399414,
          "mean": 0.003174810903146863,
          "std": 0.14225362241268158,
          "neg_rail_fraction": 0.0,
          "pos_rail_fraction": 0.0,
          "edge_mass_fraction_abs_ge_120": 0.0,
          "top_values": {
            "hist_edges": [
              -0.24985992908477783,
              -0.21861925721168518,
              -0.18737857043743134,
              -0.1561378836631775,
              -0.12489721179008484,
              -0.09365653991699219,
              -0.06241585314273834,
              -0.031175166368484497,
              6.55055046081543e-05,
              0.031306177377700806,
              0.06254684925079346,
              0.0937875509262085,
              0.12502822279930115,
              0.1562688946723938,
              0.18750959634780884,
              0.2187502682209015,
              0.24999094009399414
            ],
            "hist_counts": [
              130,
              116,
              127,
              98,
              141,
              122,
              129,
              127,
              123,
              152,
              141,
              129,
              142,
              117,
              143,
              111
            ]
          },
          "index": 0,
          "shape": [
            64,
            32
          ]
        }
      ]
    },
    {
      "layer_name": "proj_out",
      "layer_type": "QuantizedDense",
      "weights": [
        {
          "dtype": "float32",
          "size": 512,
          "is_integer_like": false,
          "min": -0.35280096530914307,
          "max": 0.35288920998573303,
          "mean": -0.014265432953834534,
          "std": 0.2025146186351776,
          "neg_rail_fraction": 0.0,
          "pos_rail_fraction": 0.0,
          "edge_mass_fraction_abs_ge_120": 0.0,
          "top_values": {
            "hist_edges": [
              -0.35280096530914307,
              -0.30869531631469727,
              -0.26458969712257385,
              -0.22048406302928925,
              -0.17637842893600464,
              -0.13227279484272003,
              -0.08816716074943542,
              -0.04406154155731201,
              4.410743713378906e-05,
              0.04414975643157959,
              0.088255375623703,
              0.13236099481582642,
              0.17646664381027222,
              0.22057229280471802,
              0.26467788219451904,
              0.30878353118896484,
              0.35288920998573303
            ],
            "hist_counts": [
              35,
              32,
              32,
              32,
              36,
              43,
              41,
              32,
              22,
              37,
              26,
              23,
              33,
              29,
              27,
              32
            ]
          },
          "index": 0,
          "shape": [
            32,
            16
          ]
        }
      ]
    }
  ]
}