{
  "seed": 23,
  "tokens": 256,
  "repaired_history": 4,
  "compatibility": {
    "int8": {
      "status": "compatible"
    },
    "uint8": {
      "status": "blocked",
      "error_type": "RuntimeError",
      "message": "Incompatibility found during conversion: Layers 'proj_in', 'gate_relu6': unsupported type [QuantizedDense, QuantizedReLU]: InputData sign incompatible with previous layer."
    }
  },
  "conversion": {
    "status": "converted",
    "akida_model": "akida.Model, layer_count=4, sequence_count=1, output_shape=[1, 1, 16]"
  },
  "float_vs_quantized_repaired": {
    "global_rel_mse": 0.010995202697813511,
    "global_rel_l2": 0.10485801845788956,
    "mean_signed_error": -0.01784360781311989,
    "mean_abs_error": 0.20346437394618988,
    "per_token_rel_mse_mean": 0.011203455738723278,
    "per_token_rel_mse_max": 0.021419819444417953,
    "per_token_rel_mse_tail_mean": 0.01093309372663498,
    "signed_mean_error_per_dim": [
      0.05216775834560394,
      0.07137436419725418,
      -0.060559507459402084,
      0.1618804633617401,
      -0.10611800849437714,
      -0.1661943644285202,
      0.11587405949831009,
      0.024757441133260727,
      -0.1616532951593399,
      -0.2112109661102295,
      0.023529626429080963,
      0.007027990184724331,
      -0.09833002835512161,
      0.004818977788090706,
      -0.1069704219698906,
      0.1641082912683487
    ],
    "signed_mean_error_per_token_head": [
      -0.013916111551225185,
      -0.04998314753174782,
      -0.018861517310142517,
      -0.028760060667991638,
      -0.02549045719206333,
      -0.01917361281812191,
      -0.01797311194241047,
      -0.05352082848548889,
      -0.010784506797790527,
      -0.013635819777846336,
      -0.04711322858929634,
      -0.0368870347738266,
      -0.0548894964158535,
      -0.029516611248254776,
      -0.00584797328338027,
      -0.015548598021268845
    ],
    "signed_mean_error_per_token_tail": [
      0.005774024873971939,
      0.0050773825496435165,
      -0.0023950724862515926,
      0.013533336110413074,
      -0.030587630346417427,
      -0.017809592187404633,
      -0.0032604713924229145,
      -0.03884068503975868,
      0.027629893273115158,
      0.0019430629909038544,
      -0.011744188144803047,
      0.008521775715053082,
      -0.02366272732615471,
      -0.0035182982683181763,
      -0.02058115415275097,
      0.005449743941426277
    ]
  },
  "float_vs_bias_corrected_quantized_repaired": {
    "global_rel_mse": 0.008794625289738178,
    "global_rel_l2": 0.09377966076135635,
    "mean_signed_error": -8.658389560878277e-09,
    "mean_abs_error": 0.18184278905391693,
    "per_token_rel_mse_mean": 0.00898374430835247,
    "per_token_rel_mse_max": 0.017441915348172188,
    "per_token_rel_mse_tail_mean": 0.008663102984428406,
    "signed_mean_error_per_dim": [
      4.045432433485985e-09,
      -2.796878106892109e-08,
      3.0384398996829987e-08,
      1.1670636013150215e-08,
      -8.614733815193176e-09,
      -3.2188836485147476e-08,
      -9.313225746154785e-08,
      3.9872247725725174e-08,
      -2.7474015951156616e-08,
      -9.301584213972092e-08,
      -7.188646122813225e-09,
      -3.307286533527076e-08,
      -1.737498678267002e-08,
      2.1391315385699272e-08,
      5.311449058353901e-10,
      1.0887742973864079e-07
    ],
    "signed_mean_error_per_token_head": [
      0.003927484154701233,
      -0.03213954716920853,
      -0.0010179192759096622,
      -0.010916460305452347,
      -0.007646861951798201,
      -0.0013300152495503426,
      -0.00012951483950018883,
      -0.0356772318482399,
      0.007059088908135891,
      0.0042077782563865185,
      -0.029269620776176453,
      -0.019043439999222755,
      -0.03704588860273361,
      -0.011673001572489738,
      0.011995626613497734,
      0.002294996753334999
    ],
    "signed_mean_error_per_token_tail": [
      0.02361762709915638,
      0.022920982912182808,
      0.015448519960045815,
      0.03137693181633949,
      -0.012744024395942688,
      3.40072438120842e-05,
      0.014583129435777664,
      -0.02099708467721939,
      0.04547348991036415,
      0.019786663353443146,
      0.006099406164139509,
      0.02636536955833435,
      -0.005819123703986406,
      0.014325303956866264,
      -0.0027375509962439537,
      0.02329334244132042
    ]
  },
  "bias_correction": {
    "mean_bias_per_dim": [
      0.05216775834560394,
      0.07137436419725418,
      -0.060559507459402084,
      0.1618804633617401,
      -0.10611800849437714,
      -0.1661943644285202,
      0.11587405949831009,
      0.024757441133260727,
      -0.1616532951593399,
      -0.2112109661102295,
      0.023529626429080963,
      0.007027990184724331,
      -0.09833002835512161,
      0.004818977788090706,
      -0.1069704219698906,
      0.1641082912683487
    ],
    "global_rel_mse_reduction_pct": 20.01397762783342
  }
}