{
  "seed": 23,
  "batch": 8,
  "tokens": 32,
  "dim": 16,
  "model_history": 6,
  "repaired_history": 4,
  "current_only_history": 1,
  "model_name": "history_buffer_dense_relu6_surrogate",
  "activation_sparsity": {
    "gate_relu6": 0.5030517578125,
    "post_relu6": 0.4869384765625
  },
  "current_only": {
    "global_mse": 5.025253772735596,
    "global_rel_mse": 0.8679512143135071,
    "global_rel_l2": 0.9316389560699463,
    "per_token_rel_mse": [
      0.0,
      0.6197450757026672,
      0.5807658433914185,
      0.8741082549095154,
      0.78421550989151,
      0.83475261926651,
      1.1181117296218872,
      0.9070030450820923,
      1.2921199798583984,
      0.687049388885498,
      0.9665694832801819,
      0.847455620765686,
      1.0856202840805054,
      0.8229724168777466,
      0.9993301630020142,
      1.1644179821014404,
      0.8655878305435181,
      0.8042040467262268,
      1.1155316829681396,
      0.6337603330612183,
      0.9822443723678589,
      0.7944433689117432,
      0.8143047094345093,
      1.227266788482666,
      0.8843702077865601,
      0.7064798474311829,
      0.8756214380264282,
      0.8824580907821655,
      0.9887362718582153,
      0.9260390996932983,
      0.8739492297172546,
      0.8931570649147034
    ],
    "per_token_rmse": [
      0.0,
      1.6441296339035034,
      1.7564468383789062,
      2.2192516326904297,
      2.146204710006714,
      2.2452871799468994,
      2.2457661628723145,
      2.2290196418762207,
      2.5424129962921143,
      2.3668251037597656,
      2.39154314994812,
      2.1637604236602783,
      2.523158311843872,
      2.1021578311920166,
      2.4304821491241455,
      2.6842823028564453,
      2.184105634689331,
      2.3812007904052734,
      2.4820125102996826,
      1.9604276418685913,
      2.3778600692749023,
      2.2138657569885254,
      2.4331564903259277,
      2.406618595123291,
      2.4525701999664307,
      1.938464879989624,
      2.0450563430786133,
      2.208669662475586,
      2.490154266357422,
      2.1118111610412598,
      2.531141519546509,
      2.336256742477417
    ],
    "prefix_rel_mse": [
      0.0,
      0.2852470576763153,
      0.3913981318473816,
      0.5245699882507324,
      0.5825643539428711,
      0.6296647191047668,
      0.6894593834877014,
      0.7176154255867004,
      0.7783410549163818,
      0.7649247050285339,
      0.7843583822250366,
      0.7895672917366028,
      0.8134194016456604,
      0.814075767993927,
      0.8271017670631409,
      0.8502283692359924,
      0.8511123657226562,
      0.8478956818580627,
      0.861537754535675,
      0.8494638800621033,
      0.8558248281478882,
      0.852827250957489,
      0.8507309556007385,
      0.8635777831077576,
      0.8645523190498352,
      0.8589637875556946,
      0.8594763875007629,
      0.8602665662765503,
      0.8650907278060913,
      0.8667988181114197,
      0.8670915365219116,
      0.8679512143135071
    ],
    "trend": {
      "per_token_rel_mse_slope": 0.007253799368996098,
      "early_quarter_mean_rel_mse": 0.7148377895355225,
      "late_quarter_mean_rel_mse": 0.8788514137268066,
      "late_to_early_ratio": 1.2294417371217248,
      "classification": "grows_with_context"
    }
  },
  "repaired_history_buffer": {
    "global_mse": 2.649284839630127,
    "global_rel_mse": 0.4575788974761963,
    "global_rel_l2": 0.6764457821846008,
    "per_token_rel_mse": [
      0.0,
      0.0,
      0.0,
      0.0,
      0.28293418884277344,
      0.4898597002029419,
      0.5382871627807617,
      0.5405175089836121,
      0.7162438035011292,
      0.46963971853256226,
      0.6122809648513794,
      0.8028009533882141,
      0.47191962599754333,
      0.6090049743652344,
      0.42945146560668945,
      0.44269922375679016,
      0.5948134064674377,
      0.5610836744308472,
      0.48650920391082764,
      0.4459097385406494,
      0.330959677696228,
      0.4007919728755951,
      0.35202816128730774,
      0.6596807837486267,
      0.5610248446464539,
      0.5722981095314026,
      0.565688967704773,
      0.5040464401245117,
      0.5295267701148987,
      0.5166977643966675,
      0.5281946063041687,
      0.5362832546234131
    ],
    "per_token_rmse": [
      0.0,
      0.0,
      0.0,
      0.0,
      1.2891284227371216,
      1.7200015783309937,
      1.558220624923706,
      1.7207366228103638,
      1.8928889036178589,
      1.9568368196487427,
      1.9034305810928345,
      2.1059818267822266,
      1.6635642051696777,
      1.8083524703979492,
      1.5932905673980713,
      1.655114769935608,
      1.8105412721633911,
      1.988963007926941,
      1.6391116380691528,
      1.644416332244873,
      1.3802701234817505,
      1.5724588632583618,
      1.599798560142517,
      1.764431118965149,
      1.9534192085266113,
      1.7446938753128052,
      1.6437506675720215,
      1.6692408323287964,
      1.8223425149917603,
      1.5774613618850708,
      1.9677518606185913,
      1.81031334400177
    ],
    "prefix_rel_mse": [
      0.0,
      0.0,
      0.0,
      0.0,
      0.06319613754749298,
      0.14288267493247986,
      0.19128727912902832,
      0.23648710548877716,
      0.2871978282928467,
      0.3140096664428711,
      0.34275588393211365,
      0.38073357939720154,
      0.3880802094936371,
      0.4032585322856903,
      0.4051002264022827,
      0.40767812728881836,
      0.4184471666812897,
      0.42822831869125366,
      0.4311990439891815,
      0.43197882175445557,
      0.42713937163352966,
      0.4258526563644409,
      0.4218352735042572,
      0.42995017766952515,
      0.4360935091972351,
      0.4409090578556061,
      0.44474881887435913,
      0.4467880427837372,
      0.44989490509033203,
      0.4517672061920166,
      0.45489439368247986,
      0.4575788974761963
    ],
    "trend": {
      "per_token_rel_mse_slope": 0.010558353971875665,
      "early_quarter_mean_rel_mse": 0.23144982755184174,
      "late_quarter_mean_rel_mse": 0.5392200946807861,
      "late_to_early_ratio": 2.329749390545594,
      "classification": "grows_with_context"
    }
  },
  "improvement": {
    "global_rel_mse_reduction_pct": 47.280574077183424,
    "late_quarter_rel_mse_reduction_pct": 38.64490785829194
  },
  "compatibility": {
    "int8": {
      "status": "compatible"
    },
    "uint8": {
      "status": "blocked",
      "error_type": "RuntimeError",
      "message": "Incompatibility found during conversion: Layers 'proj_in', 'gate_relu6': unsupported type [QuantizedDense, QuantizedReLU]: InputData sign incompatible with previous layer."
    }
  },
  "conversion": {
    "quantized_layers": [
      "QuantizedDense",
      "QuantizedReLU",
      "QuantizedDense",
      "QuantizedReLU",
      "QuantizedDense"
    ],
    "status": "converted",
    "akida_model": "akida.Model, layer_count=4, sequence_count=1, output_shape=[1, 1, 16]"
  },
  "summary": {
    "reference": "Dense/ReLU6 surrogate with a 6-token flattened causal history window.",
    "current_only_path": "Same surrogate with older history slots zeroed so only the newest token remains.",
    "repaired_path": "Same surrogate with a 4-token history buffer retained, testing whether a small temporal buffer repairs context drift while preserving the Akida-friendly Dense/ReLU6 structure."
  }
}