{
  "contract_version": "2026-04-08-temporal-path-v1",
  "fifo_depth": 4,
  "warmup": {
    "policy": "Zero-prime the FIFO and treat exactly the first fifo_depth - 1 tokens as warmup. Report them, but exclude them from the continuation gate except through warmup_penalty_ratio.",
    "warmup_token_count": 3,
    "steady_state_start_token": 3,
    "transition_end_token_exclusive": 7
  },
  "metrics": {
    "full_sequence_rel_mse": 0.0042974576354026794,
    "warmup_rel_mse": 0.013888888992369175,
    "transition_rel_mse": 0.009967313148081303,
    "steady_state_rel_mse": 0.0024203145876526833,
    "steady_state_early_quarter_rel_mse": 0.5020545721054077,
    "steady_state_late_quarter_rel_mse": 0.0001929019344970584,
    "steady_state_late_to_early_ratio": 0.000384225032924425,
    "warmup_penalty_ratio": 5.73846435633773,
    "per_token_rel_mse": [
      0.0001929019344970584,
      1.0,
      1.0,
      1.0,
      0.004109131637960672,
      0.0,
      0.0,
      0.0,
      0.0001929019344970584,
      0.0001929019344970584,
      0.0001929019344970584,
      0.0001929019344970584
    ]
  },
  "gates": {
    "toolchain_ok": true,
    "enough_tokens_for_steady_state": true,
    "steady_state_rel_mse_le_0p30": true,
    "late_to_early_ratio_le_1p25": true,
    "warmup_penalty_ratio_le_1p50": false,
    "pass": false
  }
}