{
  "seed": 23,
  "kernel_size": 4,
  "tokens": 12,
  "grid_size": 8,
  "best_double_stack": {
    "config": {
      "blocks": 2,
      "bottleneck_width": 4,
      "amplitude": 8.0,
      "pre_gain": 1.0
    },
    "metrics": {
      "raw_rel_mse": 0.8824626803398132,
      "scalar_rel_mse": 0.3227611482143402,
      "raw_signed_impulse_fidelity": 0.25,
      "scalar_signed_impulse_fidelity": 0.25,
      "scalar_align_scale": 10.999999046325684,
      "akida_nonzero_fraction": 0.0625,
      "q_nonzero_fraction": 0.25,
      "all_zero_akida": false,
      "akida_abs_sum": 3.0520341396331787,
      "q_abs_sum": 69.179443359375
    }
  },
  "best_single_block": {
    "config": {
      "blocks": 1,
      "bottleneck_width": 4,
      "amplitude": 8.0,
      "pre_gain": 1.0
    },
    "metrics": {
      "raw_rel_mse": 0.8430492281913757,
      "scalar_rel_mse": 0.0042974576354026794,
      "raw_signed_impulse_fidelity": 0.6666666865348816,
      "scalar_signed_impulse_fidelity": 0.6666666865348816,
      "scalar_align_scale": 12.166665077209473,
      "akida_nonzero_fraction": 0.125,
      "q_nonzero_fraction": 0.1875,
      "all_zero_akida": false,
      "akida_abs_sum": 1.8745390176773071,
      "q_abs_sum": 23.744157791137695
    }
  },
  "stack_minus_single": {
    "scalar_rel_mse_delta": 0.31846369057893753,
    "scalar_signed_impulse_fidelity_delta": -0.4166666865348816,
    "akida_nonzero_fraction_delta": -0.0625
  },
  "records": [
    {
      "config": {
        "blocks": 1,
        "bottleneck_width": 4,
        "amplitude": 4.0,
        "pre_gain": 1.0
      },
      "metrics": {
        "raw_rel_mse": 0.9843049049377441,
        "scalar_rel_mse": 0.9772981405258179,
        "raw_signed_impulse_fidelity": 0.1111111119389534,
        "scalar_signed_impulse_fidelity": 0.1111111119389534,
        "scalar_align_scale": 2.25,
        "akida_nonzero_fraction": 0.08333333333333333,
        "q_nonzero_fraction": 0.1875,
        "all_zero_akida": false,
        "akida_abs_sum": 1.249692678451538,
        "q_abs_sum": 23.744157791137695
      }
    },
    {
      "config": {
        "blocks": 1,
        "bottleneck_width": 4,
        "amplitude": 4.0,
        "pre_gain": 3.0
      },
      "metrics": {
        "raw_rel_mse": 0.9843049049377441,
        "scalar_rel_mse": 0.9772982001304626,
        "raw_signed_impulse_fidelity": 0.1111111119389534,
        "scalar_signed_impulse_fidelity": 0.1111111119389534,
        "scalar_align_scale": 2.249999761581421,
        "akida_nonzero_fraction": 0.08333333333333333,
        "q_nonzero_fraction": 0.1875,
        "all_zero_akida": false,
        "akida_abs_sum": 3.749077796936035,
        "q_abs_sum": 71.23246765136719
      }
    },
    {
      "config": {
        "blocks": 1,
        "bottleneck_width": 4,
        "amplitude": 8.0,
        "pre_gain": 1.0
      },
      "metrics": {
        "raw_rel_mse": 0.8430492281913757,
        "scalar_rel_mse": 0.0042974576354026794,
        "raw_signed_impulse_fidelity": 0.6666666865348816,
        "scalar_signed_impulse_fidelity": 0.6666666865348816,
        "scalar_align_scale": 12.166665077209473,
        "akida_nonzero_fraction": 0.125,
        "q_nonzero_fraction": 0.1875,
        "all_zero_akida": false,
        "akida_abs_sum": 1.8745390176773071,
        "q_abs_sum": 23.744157791137695
      }
    },
    {
      "config": {
        "blocks": 1,
        "bottleneck_width": 4,
        "amplitude": 8.0,
        "pre_gain": 3.0
      },
      "metrics": {
        "raw_rel_mse": 0.8430493474006653,
        "scalar_rel_mse": 0.004297459032386541,
        "raw_signed_impulse_fidelity": 0.6666666865348816,
        "scalar_signed_impulse_fidelity": 0.6666666865348816,
        "scalar_align_scale": 12.166666984558105,
        "akida_nonzero_fraction": 0.125,
        "q_nonzero_fraction": 0.1875,
        "all_zero_akida": false,
        "akida_abs_sum": 5.623616695404053,
        "q_abs_sum": 71.23246765136719
      }
    },
    {
      "config": {
        "blocks": 1,
        "bottleneck_width": 8,
        "amplitude": 4.0,
        "pre_gain": 1.0
      },
      "metrics": {
        "raw_rel_mse": 1.0,
        "scalar_rel_mse": 1.0,
        "raw_signed_impulse_fidelity": 0.0,
        "scalar_signed_impulse_fidelity": 0.0,
        "scalar_align_scale": 0.0,
        "akida_nonzero_fraction": 0.0,
        "q_nonzero_fraction": 0.2916666666666667,
        "all_zero_akida": true,
        "akida_abs_sum": 0.0,
        "q_abs_sum": 62.51150131225586
      }
    },
    {
      "config": {
        "blocks": 1,
        "bottleneck_width": 8,
        "amplitude": 4.0,
        "pre_gain": 3.0
      },
      "metrics": {
        "raw_rel_mse": 1.0,
        "scalar_rel_mse": 1.0,
        "raw_signed_impulse_fidelity": 0.0,
        "scalar_signed_impulse_fidelity": 0.0,
        "scalar_align_scale": 0.0,
        "akida_nonzero_fraction": 0.0,
        "q_nonzero_fraction": 0.2916666666666667,
        "all_zero_akida": true,
        "akida_abs_sum": 0.0,
        "q_abs_sum": 187.53448486328125
      }
    },
    {
      "config": {
        "blocks": 1,
        "bottleneck_width": 8,
        "amplitude": 8.0,
        "pre_gain": 1.0
      },
      "metrics": {
        "raw_rel_mse": 0.9804999828338623,
        "scalar_rel_mse": 0.800000011920929,
        "raw_signed_impulse_fidelity": 0.0714285746216774,
        "scalar_signed_impulse_fidelity": 0.0714285746216774,
        "scalar_align_scale": 20.0,
        "akida_nonzero_fraction": 0.020833333333333332,
        "q_nonzero_fraction": 0.2916666666666667,
        "all_zero_akida": false,
        "akida_abs_sum": 0.3906968832015991,
        "q_abs_sum": 62.51150131225586
      }
    },
    {
      "config": {
        "blocks": 1,
        "bottleneck_width": 8,
        "amplitude": 8.0,
        "pre_gain": 3.0
      },
      "metrics": {
        "raw_rel_mse": 0.9805001020431519,
        "scalar_rel_mse": 0.7999999523162842,
        "raw_signed_impulse_fidelity": 0.0714285746216774,
        "scalar_signed_impulse_fidelity": 0.0714285746216774,
        "scalar_align_scale": 19.999998092651367,
        "akida_nonzero_fraction": 0.020833333333333332,
        "q_nonzero_fraction": 0.2916666666666667,
        "all_zero_akida": false,
        "akida_abs_sum": 1.1720906496047974,
        "q_abs_sum": 187.53448486328125
      }
    },
    {
      "config": {
        "blocks": 2,
        "bottleneck_width": 4,
        "amplitude": 4.0,
        "pre_gain": 1.0
      },
      "metrics": {
        "raw_rel_mse": 1.0130596160888672,
        "scalar_rel_mse": 0.9996267557144165,
        "raw_signed_impulse_fidelity": 0.25,
        "scalar_signed_impulse_fidelity": 0.1666666716337204,
        "scalar_align_scale": -0.20000000298023224,
        "akida_nonzero_fraction": 0.10416666666666667,
        "q_nonzero_fraction": 0.25,
        "all_zero_akida": false,
        "akida_abs_sum": 5.086723327636719,
        "q_abs_sum": 69.179443359375
      }
    },
    {
      "config": {
        "blocks": 2,
        "bottleneck_width": 4,
        "amplitude": 4.0,
        "pre_gain": 3.0
      },
      "metrics": {
        "raw_rel_mse": 1.0130597352981567,
        "scalar_rel_mse": 0.999626874923706,
        "raw_signed_impulse_fidelity": 0.25,
        "scalar_signed_impulse_fidelity": 0.1666666716337204,
        "scalar_align_scale": -0.19999979436397552,
        "akida_nonzero_fraction": 0.10416666666666667,
        "q_nonzero_fraction": 0.25,
        "all_zero_akida": false,
        "akida_abs_sum": 45.7805061340332,
        "q_abs_sum": 622.6148681640625
      }
    },
    {
      "config": {
        "blocks": 2,
        "bottleneck_width": 4,
        "amplitude": 8.0,
        "pre_gain": 1.0
      },
      "metrics": {
        "raw_rel_mse": 0.8824626803398132,
        "scalar_rel_mse": 0.3227611482143402,
        "raw_signed_impulse_fidelity": 0.25,
        "scalar_signed_impulse_fidelity": 0.25,
        "scalar_align_scale": 10.999999046325684,